[
  {
    "src": "https://www.youtube.com/embed/4uu-mKoFR6w",
    "message1": "So how does Crowdfunding work On Ketto?",
    "message2": "Let us assume an individual, unfortunately, meets with an accident on the road. His medical expenses and hospital bills start piling up. Now he needs ₹5 Lakh to pay his expensive medical bills. Fortunately, his best friend signed up on Ketto’s crowdfunding platform, completed the process of submitting valid documents needed for verification. In a few minutes, he created a crowdfunding campaign to raise funds for his friend’s medical expenses. Now, this campaign can be shared with all his near and dear ones through WhatsApp, Instagram, Twitter, Facebook and E-mail. In a matter of few minutes, funds start coming in to support the financial needs of the injured friend.",
    "src1": "https://picsum.photos/200/300",
    "name": "Constable Deepak",
    "work": "Campaigner",
    "raised": " Rs 957401 ",
    "para": " My liver transplant was stuck because my family didn't have funds to afford it. It's only because I knocked on Ketto's door that I'm healthy today. A big thank you to each and every one who gave me money. I wouldn't be alive without you. "
  }

]

