{
  "fundraiser": [
    {
      "id": 1,
      "image": "https://kettocdn.gumlet.io/media/campaign/377000/377638/image/wid6083dec2a0d5f.jpeg?w=300&dpr=1.0",
      "title": "Mission Oxygen- Helping Hospit please help us this can make our life..",
      "logo": "https://kettocdn.gumlet.io/media/ngo/3970000/3970585/image/539f2d3b67e84edaa7c4e9af9127eb8f70bb0b54.jpeg?w=50&dpr=1.0",
      "by": "by Democracy People Foundation",
      "amount": "50,84,38,304 ",
      "progress": 89,
      "lastDonation": "2 hours",
      "daysLeft": "2",
      "supporters": "809808",
      "category": "education",
      "type": "trending",
      "location": "mumbai"
    },
    {
      "id": 2,
      "image": "https://kettocdn.gumlet.io/media/campaign/180000/180773/image/wid60a133a89542c.jpg?w=300&dpr=1.0",
      "title": "Feeding From Far-Ration Distribution by crowfunding help us",
      "logo": "https://kettocdn.gumlet.io/media/individual/1463000/1463388/image/60efdb6db4758.jpg?w=50&dpr=1.0",
      "by": "by Pooja Reddy",
      "amount": "4,51,07,994",
      "progress": 55,
      "lastDonation": "7 hours",
      "daysLeft": "53",
      "supporters": "103333",
      "category": "medical",
      "type": "taxBenefit",
      "location": "delhi"
    },
    {
      "id": 3,
      "image": "https://kettocdn.gumlet.io/media/campaign/192000/192925/image/wid6082a7bf4f2b6.png?w=300&dpr=1.0",
      "title": "FROMU2THEM for human life we are raising fund ",
      "logo": "https://kettocdn.gumlet.io/media/individual/1560000/1560453/image/977e74ea79df7c00093e84a6120b98ecd83f4cc3.png?w=50&dpr=1.0",
      "by": "by FromU2Them",
      "amount": "4,52,07,994",
      "progress": 78,
      "lastDonation": "9 hours",
      "daysLeft": "3",
      "supporters": "103543",
      "category": "women",
      "type": "taxBenefit",
      "location": "pune"
    },
    {
      "id": 4,
      "image": "https://kettocdn.gumlet.io/media/campaign/212000/212655/image/wid1f1a33100b0ce11487774ca00c4341f7d0364e69.jpg?w=300&dpr=1.0",
      "title": "My little boy’s cancer please help us and save our child....",
      "logo": "https://kettocdn.gumlet.io/media/individual/1562000/1562376/image/60e5ef3322929.jpg?w=50&dpr=1.0",
      "by": "by Family Friends",
      "amount": "2,52,07,994",
      "progress": 80,
      "lastDonation": "24 days",
      "daysLeft": "27",
      "supporters": "454545",
      "category": "medical",
      "type": "trending",
      "location": "banglore"
    },
    {
      "id": 5,
      "image": "https://kettocdn.gumlet.io/media/campaign/189000/189546/image/wid5ea488b5bc890.jpg?w=300&dpr=1.0",
      "title": "24x7 Ambulance Network help the needy one they are dying...",
      "logo": "https://kettocdn.gumlet.io/media/individual/1562000/1562376/image/60e5ef3322929.jpg?w=50&dpr=1.0",
      "by": "by aditya makkar",
      "amount": "3,52,07,994",
      "progress": 90,
      "lastDonation": "20 days",
      "daysLeft": "4",
      "supporters": "84545",
      "category": "Women & Girls",
      "type": "trending",
      "location": "banglore"
    },
    {
      "id": 6,
      "image": "https://kettocdn.gumlet.io/media/campaign/277000/277698/image/wid5fa2de60a1557.jpeg?w=300&dpr=1.0",
      "title": "Schooling Special for poor students if you donate..",
      "logo": "https://kettocdn.gumlet.io/media/individual/1562000/1562376/image/60e5ef3322929.jpg?w=50&dpr=1.0",
      "by": "by Nithilyam ...",
      "amount": "3,55,07,994",
      "progress": 90,
      "lastDonation": "20 days",
      "daysLeft": "26",
      "supporters": "15555",
      "category": "animals",
      "type": "taxBenefit",
      "location": "mumbai"
    },
    {
      "id": 7,
      "image": "https://kettocdn.gumlet.io/media/campaign/378000/378299/image/widb03d534c8428151dc285a2c26f1fef1cda0b19e7.jpg?w=300&dpr=1.0",
      "title": "Support ‘Doctors For You’ as they Help .. ",
      "logo": "https://kettocdn.gumlet.io/media/individual/1562000/1562376/image/60e5ef3322929.jpg?w=50&dpr=1.0",
      "by": "by Nithilyam ...",
      "amount": "3,55,07,994",
      "progress": 10,
      "lastDonation": "20 days",
      "daysLeft": "50",
      "supporters": "15555",
      "category": "animals",
      "type": "taxBenefit",
      "location": "delhi"
    },
    {
      "id": 8,
      "image": "https://kettocdn.gumlet.io/media/campaign/209000/209775/image/wid9dafd47b27dfab682812af17b00093cedea24fac.jpg?w=300&dpr=1.0",
      "title": "School Teacher Needs Your Support To Save His 2-YO",
      "logo": "https://kettocdn.gumlet.io/media/individual/1720000/1720862/image/7b16c2651b2a97a2ebdbd92c3a4aac7570dbd8dd.jpg?w=50&dpr=1.0",
      "by": "by Nithilyam ...",
      "amount": "2,5,07,994",
      "progress": 40,
      "lastDonation": "20 days",
      "daysLeft": "20",
      "supporters": "15555",
      "category": "education",
      "type": "trending",
      "location": "mumbai"
    },
    {
      "id": 9,
      "image": "https://kettocdn.gumlet.io/media/campaign/218000/218792/image/wid60326899153a5.jpeg?w=300&dpr=1.0",
      "title": "To provide ration to poor families/daily wage earners",
      "logo": "https://kettocdn.gumlet.io/media/individual/1412000/1412036/image/5ff007b27e38f.jpg?w=50&dpr=1.0",
      "by": "by Bilal Khan ...",
      "amount": "5,07,994",
      "progress": 80,
      "lastDonation": "20 days",
      "daysLeft": "10",
      "supporters": "85555",
      "category": "women & girls",
      "type": "trending",
      "location": "delhi"
    }
  ],
  "url": []
}